id,name,pronunciation,gender,markers,inspiration_id,father,mother,homeland_id,status,meaning,notes,residence_id,timestamp,update_time
1,Endre I Lovassy,en-dreh loh-vah-shee,Male,[],1,,,5,King,"""manly, brave"" / ""of the horsekeepers""",[],5,2026-03-19 18:21:34.692405+00,
2,Durand Lyon,drr-and / lye-ohn,Male,[],2,"""Atreus""","""Aerope""",12,King,"""very steadfast"" / ""lion""",[],12,2026-03-19 18:21:34.692405+00,
3,Leopold Lyon,lee-oh-pold lye-ohn,Male,[],3,"""Atreus""","""Aerope""",12,King,"""bold among the people"" / ""lion""",[],4,2026-03-19 18:21:34.692405+00,
4,Ilona Lovassy,ee-loh-nah loh-vah-shee,Female,"[""Epoch""]",4,Endre I Lovassy,Mathilde Hirschfeld,5,Princess,"""light, torch"" / ""of the horsekeepers""",[],5,2026-03-19 18:21:34.692405+00,
5,Endre II Lovassy,en-dreh loh-vah-shee,Male,[],5,Endre I Lovassy,Mathilde Hirschfeld,5,Prince,"""manly, brave"" / ""of the horsekeepers""",[],5,2026-03-19 18:21:34.692405+00,
6,Oliver Hundslund,ah-lee-vrr / hoon-sluhn,Male,"[""Wayfinder""]",6,Folke Hundslund,Angharad Ladrini,3,Prince,"""olive tree"" / ""grove of dogs""","[""Wields the Bow of Eurytus, a palítonos (\""bent backwards\"") composite (made with horn, wood, and sinew) bow created by Apollo for Eurytus of Oechalia."",""Named by Autolycus, his grandfather and a son of Hermes. He was a master thief capable of shapeshifting and invisibility.""]",3,2026-03-19 18:21:34.692405+00,
7,Sándor Lovassy,shan-dor loh-vah-shee,Male,[],7,Endre I Lovassy,Mathilde Hirschfeld,5,Prince,"""defender of men"" / ""of the horsekeepers""",[],5,2026-03-19 18:21:34.692405+00,
8,Regina Lyon,reh-gee-nah / lye-ohn,Female,[],8,"""Atreus""","""Aerope""",12,Queen,"""queen"" / ""lion""",[],25,2026-03-19 18:21:34.692405+00,
9,Millicent Lyon,mill-ih-sent / lye-ohn,Female,[],9,Durand Lyon,Sophie Louvier,12,Princess,"""strong"" / ""lion""",[],12,2026-03-19 18:21:34.692405+00,
10,Amber Lyon,am-brr / lye-ohn,Female,[],10,Durand Lyon,Sophie Louvier,12,Princess,"""amber"" / ""lion""",[],25,2026-03-19 18:21:34.692405+00,
11,Montel Lyon,mohn-tell / lye-ohn,Male,"[""Vigil""]",11,Durand Lyon,Sophie Louvier,12,Prince,"""little mountain"" / ""lion""",[],12,2026-03-19 18:21:34.692405+00,
12,Giles Lyon,jy-ulls / lye-ohn,Male,[],12,,,12,Citizen,"""young goat"" / ""lion""",[],12,2026-03-19 18:21:34.692405+00,
13,Golda Lyon,gohl-dah / lye-ohn,Female,[],13,Durand Lyon,Sophie Louvier,12,Princess,"""gold, golden"" / ""lion""",[],12,2026-03-19 18:21:34.692405+00,
14,Lehel Lovassy,leh-hel loh-vah-shee,Male,[],14,Endre I Lovassy,Mathilde Hirschfeld,5,Prince,"""breath, lion"" / ""of the horsekeepers""",[],5,2026-03-19 18:21:34.692405+00,
15,Emrys Povah,em-riss / poh-vah,Male,[],15,Cadfael Povah,,1,Prince,"""immortal"" / ""owl-like""",[],1,2026-03-19 18:21:34.692405+00,
16,Taran Povah,tah-rahn / poh-vah,Male,[],16,Cadfael Povah,,1,Prince,"""thunder"" / ""owl-like""",[],1,2026-03-19 18:21:34.692405+00,
17,Heulwen Golau,hayl-wehn / gohl-ay,Female,[],17,,,2,Citizen,"""sunshine"" / ""light, bright""",[],1,2026-03-19 18:21:34.692405+00,
18,Cadfael Povah,cad-vyell / poh-vah,Male,[],18,,Heulwen Golau,2,King,"""battle lord"" / ""owl-like""",[],1,2026-03-19 18:21:34.692405+00,
19,Mathilde Hirschfeld,mah-til-duh hrrsh-fehld,Female,[],19,,,15,Queen,"""might in battle"" / ""field of stags""","[""Very motherly but appears cold and intimidating."",""Adores her children and spends time with all of them."",""Might be Sunnilde's surrogate aunt."",""Partially blinds Radulf for wronging Jolánta."",""Does not get along with Falko."",""Might like swords despite not being a swordsman.""]",5,2026-03-19 18:21:34.692405+00,
20,Selene Louvier,sehl-een / loo-vee-ay,Female,[],20,"""Zeus""","""Leda""",4,Queen,"""torch, moon""",[],4,2026-03-19 18:21:34.692405+00,
21,Penelope Louvier,peh-neh-loh-pee / loo-vee-ay,Female,[],21,Samson Louvier,Blandine Dupuis,4,Queen,"""threads"" / ""wolf hunter""",[],3,2026-03-19 18:21:34.692405+00,
24,Sophie Louvier,soh-fee / loo-vee-ay,Female,[],24,Ghislain Louvier,"""Leda""",4,Queen,"""wisdom"" / ""wolf hunter""",[],12,2026-03-19 18:21:34.692405+00,
25,Irén Lovassy,ee-reen loh-vah-shee,Female,[],246,Endre I Lovassy,Mathilde Hirschfeld,5,Princess,"""peace"" / ""of the horsekeepers""",[],5,2026-03-19 18:21:34.692405+00,
26,Jolánta Lovassy,yoh-lan-tah loh-vah-shee,Female,[],247,Endre I Lovassy,Mathilde Hirschfeld,5,Queen,"""violet (flower)"" / ""of the horsekeepers""",[],14,2026-03-19 18:21:34.692405+00,
27,Anselm Lovassy,ahn-selm loh-vah-shee,Male,[],248,Endre I Lovassy,Mathilde Hirschfeld,5,Prince,"""God's protection"" / ""of the horsekeepers""",[],5,2026-03-19 18:21:34.692405+00,
28,Radulf Geyersberg,rah-doolf gy-rrs-brrg,Male,[],253,,,14,King,"""wolf counsel"" / ""mountain of vultures""",[],14,2026-03-19 18:21:34.692405+00,
32,Constance Louvier,con-stahnce / loo-vee-ay,Female,[],342,Samson Louvier,Blandine Dupuis,,Queen,"""steadfast"" / ""wolf hunter""",[],,2026-03-19 18:21:34.692405+00,
34,Lucien Louvier,loo-see-ehn / loo-vee-ay,Male,[],46,Ghislain Louvier,"""Leda""",4,Prince,"""light"" / ""wolf hunter""",[],4,2026-03-19 18:21:34.692405+00,
35,Amour Louvier,ah-morr / loo-vee-ay,Male,[],47,"""Zeus""","""Leda""",4,Prince,"""love"" / ""wolf hunter""",[],4,2026-03-19 18:21:34.692405+00,
37,"""Oenone"" Vizy",vee-zee,Female,[],350,Gábor Vizy,,7,Citizen,"""of the water""",[],7,2026-03-19 18:21:34.692405+00,
42,Helewine Hirschfeld,heh-leh-vee-nah hrrsh-fehld,Female,[],355,,,15,Princess,"""blessed friend"" / ""field of stags""",[],5,2026-03-19 18:21:34.692405+00,
43,Eszter Vizy,est-air vee-zee,Female,[],356,Gábor Vizy,,7,Citizen,"""star"" / ""of the water""",[],7,2026-03-19 18:21:34.692405+00,
44,Folke Hundslund,fohl-keh / hoon-sluhn,Male,[],44,,,3,King,"""people"" / ""grove of dogs""",[],3,2026-03-19 18:21:34.692405+00,
45,Ulla Hundslund,oo-lah / hoon-sluhn,Female,[],358,Folke Hundslund,Angharad Ladrini,3,Queen,"""heritage"" / ""grove of dogs""",[],6,2026-03-19 18:21:34.692405+00,
46,Sven Hundslund,svehn / hoon-sluhn,Male,[],359,Oliver Hundslund,Penelope Louvier,3,Prince,"""young warrior"" / ""grove of dogs""",[],3,2026-03-19 18:21:34.692405+00,
47,Viggo Hedegaard,vee-goh / heh-deh-gohr,Male,[],360,,,6,King,"""war, battle"" / ""heathland""",[],6,2026-03-19 18:21:34.692405+00,
48,Ghislain Louvier,ghee-lahn / loo-vee-ay,Male,[],361,"""Oebalus""","""Gorgophone""",4,King,"""pledge, hostage"" / ""wolf hunter""",[],4,2026-03-19 18:21:34.692405+00,
49,Samson Louvier,sahm-sohn / loo-vee-ay,Male,[],362,"""Oebalus""","""Gorgophone""",4,King,"""sun"" / ""wolf hunter""",[],4,2026-03-19 18:21:34.692405+00,
50,Philippe Louvier,fee-leep / loo-vee-ay,Male,[],363,"""Oebalus""","""Bateia""",4,King,"""freer of horses"" / ""wolf hunter""",[],,2026-03-19 18:21:34.692405+00,
51,Petra,pee-trah,Female,[],364,Leopold Lyon,Selene Louvier,4,Princess,"""stone""",[],4,2026-03-19 18:21:34.692405+00,
52,Blandine Dupuis,blahn-deen / doo-pwee,Female,[],365,,,4,Queen,"""gentle, mild"" / ""from the well""",[],4,2026-03-19 18:21:34.692405+00,
53,Lionel Louvier,lee-oh-nell / loo-vee-ay,Male,[],48,Philippe Louvier,,,Prince,"""little lion"" / ""wolf hunter""",[],,2026-03-19 18:21:34.692405+00,
54,Elouan Louvier,ell-loo-ahn / loo-vee-ay,Male,[],49,Philippe Louvier,,,Prince,"""light, shining"" / ""wolf hunter""",[],,2026-03-19 18:21:34.692405+00,
56,Elidir Serpico,ell-ih-deer / srr-pee-coh,Male,[],331,,,25,King,"""studious, gifted"" / ""serpant""",[],25,2026-03-19 18:21:34.692405+00,
57,Cyfaill Serpico,cah-vyell / srr-pee-coh,Male,[],325,Elidir Serpico,Regina Lyon,25,Prince,"""friend"" / ""serpant""",[],25,2026-03-19 18:21:34.692405+00,
58,Angharad Ladrini,ah-hah-rahd / lah-dree-nee,Female,[],371,Bleddyn Ladrini,Rihannon Santo,26,Queen,"""much loved"" / ""little thieves""",[],3,2026-03-19 18:21:34.692405+00,
59,Gábor Vizy,gah-bore vee-zee,Male,[],372,,,7,Citizen,"""man of God"" / ""of the water""",[],7,2026-03-19 18:21:34.692405+00,
60,Bleddyn Ladrini,bleth-ihn / lah-dree-nee,Male,[],373,,,26,Citizen,"""wolf-like"" / ""little thieves""","[""As a son of Hermes, he was a master thief blessed with shapeshifting and invisibility.""]",26,2026-03-19 18:21:34.692405+00,
61,Rihannon Santo,ree-hah-nohn / sahn-toh,Female,[],374,,,26,Citizen,"""divine queen"" / ""priest""",[],26,2026-03-19 18:21:34.692405+00,
64,Grimm Bernhardt,grihm / behrn-hart,Male,[],205,,,11,King,"""wrathful, fierce"" / ""strong as a bear""",[],11,2026-03-19 18:21:34.692405+00,
65,Grethel Teich,greh-tell / tyke,Female,[],378,,,14,Queen,"""little pearl"" / ""pond""",[],11,2026-03-19 18:21:34.692405+00,
66,Falko Bernhardt,fahl-koh / behrn-hart,Male,[],379,Grimm Bernhardt,Grethel Teich,11,Prince,"""falcon"" / ""strong as a bear""",[],11,2026-03-19 18:21:34.692405+00,
67,Eiko Bernhardt,ey-koh / behrn-hart,Male,[],380,Grimm Bernhardt,Grethel Teich,11,Prince,"""oak"" / ""strong as a bear""",[],11,2026-03-19 18:21:34.692405+00,
68,Trystan Bernhardt,trih-stahn / behrn-hart,Male,[],381,Falko Bernhardt,Branwen Saer,11,Prince,"""sorrow"" / ""strong as a bear""",[],11,2026-03-19 18:21:34.692405+00,
69,Branwen Saer,brahn-wehn / sy-rr,Female,[],382,Gwynfor Saer,Ffion Glyndŵr,1,Princess,"""blessed raven"" / ""artisan, craftsman""",[],11,2026-03-19 18:21:34.692405+00,
70,Turul Lovassy,too-rool,Male,[],383,Endre I Lovassy,Emese Várady,5,Prince,"""dream falcon""","[""May be Endre I's eldest child, but he is not an heir."",""May have a crush on Eszter, but it is unrequited.""]",21,2026-03-19 18:21:34.692405+00,
71,Siôrus Saer,shoh-ruhs / sy-rr,Male,[],384,Gwynfor Saer,Ffion Glyndŵr,1,Prince,"""earthworker"" / ""artisan, craftsman""",[],1,2026-03-19 18:21:34.692405+00,
72,Morfran Saer,mohr-frahn / sy-rr,Male,[],385,Gwynfor Saer,Ffion Glyndŵr,1,Prince,"""sea crow"" / ""artisan, craftsman""",[],1,2026-03-19 18:21:34.692405+00,
73,Philomela Saer,fee-loh-mehl-ah / sy-rr,Female,[],386,Gwynfor Saer,Ffion Glyndŵr,1,Princess,"""lover of song"" / ""artisan, craftsman""",[],1,2026-03-19 18:21:34.692405+00,
74,Gwynfor Saer,gwin-forr / sy-rr,Male,[],387,,,1,King,"""greatly blessed"" / ""artisan, craftsman""",[],1,2026-03-19 18:21:34.692405+00,
75,Ffion Glyndŵr,fee-ohn / glynn-dorr,Female,[],388,,,1,Queen,"""foxglove"" / ""river valley""",[],1,2026-03-19 18:21:34.692405+00,
77,Emese Várady,em-eh-shay vah-rah-dee,Female,[],452,,,21,Citizen,"""mother"" / ""of the fortress""",[],21,2026-03-19 18:21:34.692405+00,